API Name,Parameter ID,Change Type
keras.layers.BatchNormalization,axis,Layer Dimension
keras.layers.concatenate,axis,Layer Dimension
keras.layers.Conv1D,0,Layer Dimension
keras.layers.Conv1D,filters,Layer Dimension
keras.layers.Conv2D,0,Layer Dimension
keras.layers.Conv2D,filters,Layer Dimension
keras.layers.Conv2D,input_shape,Layer Dimension
keras.layers.Conv3D,0,Layer Dimension
keras.layers.Convolution2D,0,Layer Dimension
keras.layers.convolutional.Conv2D,0,Layer Dimension
keras.layers.convolutional.Convolution2D,0,Layer Dimension
keras.layers.core.Dense,0,Layer Dimension
keras.layers.core.Reshape,0,Layer Dimension
keras.layers.Dense,0,Layer Dimension
keras.layers.Dense,0,Layer Dimension
keras.layers.Dense,0,Layer Dimension
keras.layers.Dense,0,Layer Dimension
keras.layers.Dense,0,Layer Dimension
keras.layers.Dense,0,Layer Dimension
keras.layers.Dense,units,Layer Dimension
keras.layers.Dense,input_dim,Layer Dimension
keras.layers.Dense,input_shape,Layer Dimension
keras.layers.Embedding,input_length,Layer Dimension
keras.layers.Embedding,1,Layer Dimension
keras.layers.Embedding,output_dim,Layer Dimension
keras.layers.Embedding,0,Layer Dimension
keras.layers.Embedding,input_dim,Layer Dimension
keras.layers.embeddings.Embedding,1,Layer Dimension
keras.layers.Input,shape,Layer Dimension
keras.layers.Input,shape,Layer Dimension
keras.layers.Input,0,Layer Dimension
keras.layers.Lambda,output_shape,Layer Dimension
keras.layers.normalization.BatchNormalization,axis,Layer Dimension
keras.layers.Reshape,0,Layer Dimension
tensorflow.keras.Input,shape,Layer Dimension
tensorflow.keras.layers.Conv2D,0,Layer Dimension
tensorflow.keras.layers.Conv2D,filters,Layer Dimension
tensorflow.keras.layers.Dense,0,Layer Dimension
tensorflow.keras.layers.Dense,0,Layer Dimension
tensorflow.keras.layers.Dense,units,Layer Dimension
tensorflow.keras.layers.Embedding,0,Layer Dimension
tensorflow.keras.layers.Embedding,1,Layer Dimension
tensorflow.keras.layers.Input,shape,Layer Dimension
tensorflow.keras.layers.Reshape,0,Layer Dimension
tensorflow.layers.batch_normalization,0,Layer Dimension
tensorflow.layers.conv2d,0,Layer Dimension
tensorflow.layers.conv2d,filters,Layer Dimension
tensorflow.layers.dense,1,Layer Dimension
tensorflow.layers.dense,units,Layer Dimension
tensorflow.nn.conv2d_transpose,output_shape,Layer Dimension
tensorflow.nn.conv3d,1,Layer Dimension
torch.nn.BatchNorm1d,0,Layer Dimension
torch.nn.BatchNorm2d,0,Layer Dimension
torch.nn.Conv1d,0,Layer Dimension
torch.nn.Conv1d,1,Layer Dimension
torch.nn.Conv1d,in_channels,Layer Dimension
torch.nn.Conv1d,out_channels,Layer Dimension
torch.nn.Conv2d,0,Layer Dimension
torch.nn.Conv2d,0,Layer Dimension
torch.nn.Conv2d,0,Layer Dimension
torch.nn.Conv2d,0,Layer Dimension
torch.nn.Conv2d,0,Layer Dimension
torch.nn.Conv2d,0,Layer Dimension
torch.nn.Conv2d,0,Layer Dimension
torch.nn.Conv2d,0,Layer Dimension
torch.nn.Conv2d,0,Layer Dimension
torch.nn.Conv2d,0,Layer Dimension
torch.nn.Conv2d,0,Layer Dimension
torch.nn.Conv2d,0,Layer Dimension
torch.nn.Conv2d,1,Layer Dimension
torch.nn.Conv2d,1,Layer Dimension
torch.nn.Conv2d,1,Layer Dimension
torch.nn.Conv2d,1,Layer Dimension
torch.nn.Conv2d,1,Layer Dimension
torch.nn.Conv2d,1,Layer Dimension
torch.nn.Conv2d,1,Layer Dimension
torch.nn.Conv2d,1,Layer Dimension
torch.nn.Conv2d,1,Layer Dimension
torch.nn.Conv2d,1,Layer Dimension
torch.nn.Conv2d,out_channels,Layer Dimension
torch.nn.Conv2d,in_channels,Layer Dimension
torch.nn.Conv2d,groups,Layer Dimension
torch.nn.ConvTranspose2d,0,Layer Dimension
torch.nn.ConvTranspose2d,1,Layer Dimension
torch.nn.ConvTranspose2d,output_padding,Layer Dimension
torch.nn.ConvTranspose2d,in_channels,Layer Dimension
torch.nn.Embedding,0,Layer Dimension
torch.nn.Embedding,1,Layer Dimension
torch.nn.functional.affine_grid,0,Layer Dimension
torch.nn.functional.conv_transpose2d,1,Layer Dimension
torch.nn.functional.conv2d,0,Layer Dimension
torch.nn.functional.grid_sample,1,Layer Dimension
torch.nn.functional.interpolate,size,Layer Dimension
torch.nn.functional.interpolate,1,Layer Dimension
torch.nn.functional.linear,0,Layer Dimension
torch.nn.GRU,input_size,Layer Dimension
torch.nn.GRUCell,0,Layer Dimension
torch.nn.InstanceNorm2d,0,Layer Dimension
torch.nn.LayerNorm,0,Layer Dimension
torch.nn.Linear,0,Layer Dimension
torch.nn.Linear,0,Layer Dimension
torch.nn.Linear,0,Layer Dimension
torch.nn.Linear,0,Layer Dimension
torch.nn.Linear,0,Layer Dimension
torch.nn.Linear,0,Layer Dimension
torch.nn.Linear,0,Layer Dimension
torch.nn.Linear,0,Layer Dimension
torch.nn.Linear,0,Layer Dimension
torch.nn.Linear,1,Layer Dimension
torch.nn.Linear,1,Layer Dimension
torch.nn.Linear,1,Layer Dimension
torch.nn.Linear,1,Layer Dimension
torch.nn.Linear,1,Layer Dimension
torch.nn.Linear,1,Layer Dimension
torch.nn.Linear,1,Layer Dimension
torch.nn.Linear,1,Layer Dimension
torch.nn.Linear,in_features,Layer Dimension
torch.nn.Linear,out_features,Layer Dimension
torch.nn.LSTM,0,Layer Dimension
torch.nn.LSTM,input_size,Layer Dimension
torch.nn.LSTM,batch_first,Layer Dimension
torch.nn.functional.interpolate,0,Layer Dimension
torch.nn.functional.upsample,0,Layer Dimension
torch.nn.functional.normalize,0,Layer Dimension
keras.layers.Input,batch_shape,Layer Dimension
tensorflow.contrib.layers.fully_connected,inputs,Layer Dimension
tensorflow.nn.batch_normalization,0,Layer Dimension
torch.nn.Embedding,padding_idx,Layer Dimension
tensorflow.layers.conv2d_transpose,0,Layer Dimension
torch.nn.GRU,0,Layer Dimension
tensorflow.layers.max_pooling2d,inputs,Layer Dimension
tensorflow.layers.batch_normalization,inputs,Layer Dimension
torch.nn.functional.avg_pool2d,0,Layer Dimension
tensorflow.contrib.slim.conv2d_transpose,0,Layer Dimension
tensorflow.layers.conv1d,0,Layer Dimension
torch.nn.LSTMCell,0,Layer Dimension
tensorflow.layers.max_pooling2d,0,Layer Dimension
tensorflow.nn.rnn,1,Layer Dimension
tensorflow.contrib.slim.batch_norm,0,Layer Dimension
torch.nn.Conv3d,0,Layer Dimension
tensorflow.nn.depthwise_conv2d,0,Layer Dimension
torch.nn.BatchNorm2d,num_features,Layer Dimension
keras.layers.Dense,output_dim,Layer Dimension
keras.layers.core.Dense,units,Layer Dimension
tensorflow.nn.depthwise_conv2d,1,Layer Dimension
keras.layers.Convolution2D,input_shape,Layer Dimension
keras.Input,shape,Layer Dimension
keras.layers.convolutional.Convolution2D,input_shape,Layer Dimension
torch.nn.Conv3d,1,Layer Dimension
tensorflow.layers.average_pooling2d,inputs,Layer Dimension
tensorflow.layers.flatten,0,Layer Dimension
tensorflow.contrib.layers.fully_connected,num_outputs,Layer Dimension
keras.layers.Convolution2D,dim_ordering,Layer Dimension
keras.layers.embeddings.Embedding,input_length,Layer Dimension
torch.nn.BatchNorm3d,0,Layer Dimension
tensorflow.nn.conv2d,input,Layer Dimension
tensorflow.contrib.layers.max_pool2d,0,Layer Dimension
tensorflow.contrib.slim.layers.conv2d,0,Layer Dimension
keras.layers.recurrent.LSTM,output_dim,Layer Dimension
tensorflow.contrib.rnn.static_rnn,1,Layer Dimension
tensorflow.contrib.layers.linear,0,Layer Dimension
tensorflow.contrib.slim.conv2d,num_outputs,Layer Dimension
tensorflow.contrib.slim.separable_conv2d,0,Layer Dimension
tensorflow.contrib.seq2seq.BasicDecoder,output_layer,Layer Dimension
tensorflow.contrib.layers.convolution2d,0,Layer Dimension
torch.nn.functional.conv1d,0,Layer Dimension
tensorflow.nn.local_response_normalization,0,Layer Dimension
tensorflow.contrib.seq2seq.BasicDecoder,2,Layer Dimension
keras.layers.convolutional.Deconvolution2D,output_shape,Layer Dimension
tensorflow.keras.layers.Conv2D,data_format,Layer Dimension
tensorflow.contrib.layers.convolution2d_transpose,0,Layer Dimension
torch.nn.functional.conv_transpose2d,0,Layer Dimension
torch.nn.Conv3d,in_channels,Layer Dimension
torch.nn.Conv3d,out_channels,Layer Dimension
keras.layers.merge,concat_axis,Layer Dimension
tensorflow.layers.conv2d,data_format,Layer Dimension
tensorflow.layers.average_pooling2d,data_format,Layer Dimension
tensorflow.keras.Input,batch_shape,Layer Dimension
tensorflow.python.keras.layers.Input,shape,Layer Dimension
tensorflow.python.keras.Input,shape,Layer Dimension
torch.nn.ConvTranspose2d,out_channels,Layer Dimension
tensorflow.layers.batch_normalization,axis,Layer Dimension
tensorflow.nn.conv2d,data_format,Layer Dimension
tensorflow.keras.layers.BatchNormalization,axis,Layer Dimension
keras.layers.Conv3D,data_format,Layer Dimension
keras.engine.Input,shape,Layer Dimension
keras.layers.Reshape,target_shape,Layer Dimension
keras.layers.Concatenate,axis,Layer Dimension
keras.layers.LSTM,output_dim,Layer Dimension
tensorflow.keras.layers.Lambda,output_shape,Layer Dimension
keras.layers.Conv1D,0,Layer Dimension
keras.layers.Conv1D,0,Layer Dimension
keras.layers.Conv2D,0,Layer Dimension
keras.layers.Conv2D,0,Layer Dimension
keras.layers.Conv2DTranspose,0,Layer Dimension
keras.layers.Conv3D,0,Layer Dimension
keras.layers.Conv3D,0,Layer Dimension
keras.layers.Convolution2D,0,Layer Dimension
keras.layers.Convolution2D,0,Layer Dimension
keras.layers.convolutional.Conv2D,0,Layer Dimension
keras.layers.convolutional.Conv2D,0,Layer Dimension
keras.layers.convolutional.Convolution1D,0,Layer Dimension
keras.layers.convolutional.Convolution1D,1,Layer Dimension
keras.layers.convolutional.Convolution2D,0,Layer Dimension
keras.layers.convolutional.Convolution2D,0,Layer Dimension
keras.layers.Deconvolution2D,0,Layer Dimension
keras.layers.Deconvolution2D,3,Layer Dimension
keras.layers.SeparableConv2D,0,Layer Dimension
tensorflow.contrib.layers.conv2d,0,Layer Dimension
tensorflow.contrib.layers.conv2d,0,Layer Dimension
tensorflow.contrib.layers.conv2d,1,Layer Dimension
tensorflow.contrib.layers.conv2d,1,Layer Dimension
tensorflow.contrib.layers.convolution2d,0,Layer Dimension
tensorflow.contrib.layers.convolution2d_transpose,0,Layer Dimension
tensorflow.contrib.slim.conv2d,0,Layer Dimension
tensorflow.contrib.slim.conv2d,0,Layer Dimension
tensorflow.contrib.slim.conv2d,1,Layer Dimension
tensorflow.contrib.slim.conv2d,1,Layer Dimension
tensorflow.contrib.slim.conv2d_transpose,0,Layer Dimension
tensorflow.contrib.slim.conv2d_transpose,0,Layer Dimension
tensorflow.contrib.slim.conv2d_transpose,1,Layer Dimension
tensorflow.contrib.slim.conv2d_transpose,1,Layer Dimension
tensorflow.contrib.slim.layers.conv2d,0,Layer Dimension
tensorflow.contrib.slim.layers.conv2d,0,Layer Dimension
tensorflow.contrib.slim.layers.conv2d,1,Layer Dimension
tensorflow.contrib.slim.separable_conv2d,0,Layer Dimension
tensorflow.contrib.slim.separable_conv2d,1,Layer Dimension
tensorflow.keras.layers.Conv1D,0,Layer Dimension
tensorflow.keras.layers.Conv2D,0,Layer Dimension
tensorflow.keras.layers.Conv2D,0,Layer Dimension
tensorflow.keras.layers.Conv2DTranspose,0,Layer Dimension
tensorflow.layers.conv1d,0,Layer Dimension
tensorflow.layers.conv2d,0,Layer Dimension
tensorflow.layers.conv2d,0,Layer Dimension
tensorflow.layers.Conv2D,0,Layer Dimension
tensorflow.layers.conv2d,4,Layer Dimension
tensorflow.layers.conv2d_transpose,0,Layer Dimension
tensorflow.layers.conv2d_transpose,0,Layer Dimension
tensorflow.layers.conv2d_transpose,1,Layer Dimension
tensorflow.layers.conv2d_transpose,1,Layer Dimension
tensorflow.nn.atrous_conv2d,0,Layer Dimension
tensorflow.nn.atrous_conv2d,1,Layer Dimension
tensorflow.nn.conv1d,0,Layer Dimension
tensorflow.nn.conv1d,0,Layer Dimension
tensorflow.nn.conv1d,1,Layer Dimension
tensorflow.nn.conv1d,1,Layer Dimension
tensorflow.nn.conv2d,0,Layer Dimension
tensorflow.nn.conv2d,0,Layer Dimension
tensorflow.nn.conv2d,1,Layer Dimension
tensorflow.nn.conv2d,1,Layer Dimension
tensorflow.nn.conv2d_transpose,0,Layer Dimension
tensorflow.nn.conv2d_transpose,0,Layer Dimension
tensorflow.nn.conv2d_transpose,1,Layer Dimension
tensorflow.nn.conv2d_transpose,1,Layer Dimension
tensorflow.nn.conv2d_transpose,2,Layer Dimension
tensorflow.nn.conv2d_transpose,2,Layer Dimension
tensorflow.nn.conv3d,0,Layer Dimension
tensorflow.nn.conv3d,0,Layer Dimension
tensorflow.nn.conv3d,1,Layer Dimension
tensorflow.nn.conv3d,1,Layer Dimension
tensorflow.nn.convolution,0,Layer Dimension
tensorflow.nn.convolution,0,Layer Dimension
tensorflow.nn.convolution,1,Layer Dimension
tensorflow.nn.convolution,1,Layer Dimension
tensorflow.nn.depthwise_conv2d,0,Layer Dimension
tensorflow.nn.depthwise_conv2d,0,Layer Dimension
tensorflow.nn.depthwise_conv2d,1,Layer Dimension
tensorflow.nn.depthwise_conv2d,1,Layer Dimension
tensorflow.python.keras.layers.Conv2D,0,Layer Dimension
tensorflow.python.keras.layers.Conv2DTranspose,0,Layer Dimension
tensorflow.python.keras.layers.Conv2DTranspose,0,Layer Dimension
torch.nn.Conv1d,0,Layer Dimension
torch.nn.Conv1d,0,Layer Dimension
torch.nn.Conv1d,1,Layer Dimension
torch.nn.Conv1d,1,Layer Dimension
torch.nn.Conv2d,0,Layer Dimension
torch.nn.Conv2d,0,Layer Dimension
torch.nn.Conv2d,1,Layer Dimension
torch.nn.Conv2d,1,Layer Dimension
torch.nn.Conv2d,6,Layer Dimension
torch.nn.Conv3d,0,Layer Dimension
torch.nn.Conv3d,0,Layer Dimension
torch.nn.Conv3d,1,Layer Dimension
torch.nn.Conv3d,1,Layer Dimension
torch.nn.ConvTranspose2d,0,Layer Dimension
torch.nn.ConvTranspose2d,0,Layer Dimension
torch.nn.ConvTranspose2d,1,Layer Dimension
torch.nn.ConvTranspose2d,1,Layer Dimension
torch.nn.functional.conv_transpose2d,0,Layer Dimension
torch.nn.functional.conv_transpose2d,0,Layer Dimension
torch.nn.functional.conv_transpose2d,1,Layer Dimension
torch.nn.functional.conv_transpose2d,1,Layer Dimension
torch.nn.functional.conv1d,0,Layer Dimension
torch.nn.functional.conv1d,0,Layer Dimension
torch.nn.functional.conv1d,1,Layer Dimension
torch.nn.functional.conv1d,1,Layer Dimension
torch.nn.functional.conv2d,0,Layer Dimension
torch.nn.functional.conv2d,0,Layer Dimension
torch.nn.functional.conv2d,1,Layer Dimension
torch.nn.functional.conv2d,1,Layer Dimension
torch.nn.functional.conv2d,6,Layer Dimension
torch.nn.functional.conv3d,0,Layer Dimension
torch.nn.functional.conv3d,1,Layer Dimension
torch.nn.functional.conv3d,6,Layer Dimension
tensorflow.contrib.layers.max_pool2d,0,Layer Dimension
tensorflow.contrib.layers.max_pool2d,0,Layer Dimension
tensorflow.layers.max_pooling2d,0,Layer Dimension
tensorflow.layers.max_pooling2d,0,Layer Dimension
tensorflow.nn.avg_pool,0,Layer Dimension
tensorflow.nn.avg_pool,0,Layer Dimension
tensorflow.nn.max_pool,0,Layer Dimension
tensorflow.nn.max_pool,0,Layer Dimension
torch.nn.functional.avg_pool2d,0,Layer Dimension
torch.nn.functional.avg_pool2d,0,Layer Dimension
torch.nn.functional.max_pool1d,0,Layer Dimension
torch.nn.GRU,0,Layer Dimension
torch.nn.GRUCell,0,Layer Dimension
torch.nn.LSTM,0,Layer Dimension
torch.nn.LSTMCell,0,Layer Dimension
tensorflow.contrib.rnn.static_rnn,1,Layer Dimension
tensorflow.nn.dynamic_rnn,1,Layer Dimension
tensorflow.nn.rnn,1,Layer Dimension
tensorflow.contrib.rnn.static_bidirectional_rnn,2,Layer Dimension
tensorflow.nn.bidirectional_dynamic_rnn,2,Layer Dimension
*,output_shape,Layer Dimension
*,output_dim,Layer Dimension
*,target_shape,Layer Dimension
*,data_format,Layer Dimension
*,batch_shape,Layer Dimension
*,out_channels,Layer Dimension
*,in_channels,Layer Dimension
*,dim_ordering,Layer Dimension
*,input_shape,Layer Dimension
*,time_major,Layer Dimension
*,batch_first,Layer Dimension
*,batch_input_shape,Layer Dimension
*,input_size,Layer Dimension
*keras.*.Dense,units,Layer Dimension
*keras.*.Dense,0,Layer Dimension
*,input_length,Layer Dimension
*,input_dim,Layer Dimension
*,output_dim,Layer Dimension
torch.nn.*BatchNorm*,0,Layer Dimension
torch.nn.*BatchNorm*,num_features,Layer Dimension
torch.nn.Conv*,1,Layer Dimension
torch.nn.Conv*,0,Layer Dimension
torch.nn.GRU,0,Layer Dimension
torch.nn.GRUCell,0,Layer Dimension
torch.nn.LSTM,0,Layer Dimension
torch.nn.LSTMCell,0,Layer Dimension
torch.nn.RNN,0,Layer Dimension
torch.nn.RNNCell,0,Layer Dimension
keras.layers.Conv2D,kernel_regularizer,Kernel Regularizer
keras.layers.Conv2D,kernel_regularizer,Kernel Regularizer
keras.layers.Conv2D,kernel_regularizer,Kernel Regularizer
keras.layers.core.Dense,kernel_regularizer,Kernel Regularizer
keras.layers.Dense,kernel_regularizer,Kernel Regularizer
keras.regularizers.l1,0,Kernel Regularizer
keras.regularizers.l2,0,Kernel Regularizer
tensorflow.contrib.layers.l2_regularizer,0,Kernel Regularizer
tensorflow.contrib.slim.l2_regularizer,0,Kernel Regularizer
tensorflow.keras.layers.Dense,kernel_regularizer,Kernel Regularizer
tensorflow.keras.regularizers.l2,,Kernel Regularizer
tensorflow.contrib.layers.python.layers.regularizers.l2_regularizer,,Kernel Regularizer
tensorflow.contrib.layers.python.layers.regularizers.l1_regularizer,,Kernel Regularizer
tensorflow.contrib.layers.l1_regularizer,,Kernel Regularizer
tensorflow.contrib.layers.apply_regularization,,Kernel Regularizer
keras.regularizers.l1l2,,Kernel Regularizer
keras.regularizers.L1L2,,Kernel Regularizer
keras.regularizers.l1_l2,,Kernel Regularizer
keras.layers.regularizers.l2,,Kernel Regularizer
tensorflow.get_variable,regularizer,Kernel Regularizer
tensorflow.keras.layers.Conv2D,kernel_regularizer,Kernel Regularizer
tensorflow.keras.regularizers.l2,0,Kernel Regularizer
keras.layers.convolutional.Convolution2D,w_regularizer,Kernel Regularizer
keras.layers.convolutional.Conv2D,kernel_regularizer,Kernel Regularizer
tensorflow.contrib.slim.arg_scope,weights_regularizer,Kernel Regularizer
tensorflow.layers.conv2d,kernel_regularizer,Kernel Regularizer
tensorflow.layers.dense,kernel_regularizer,Kernel Regularizer
keras.layers.Conv1D,kernel_regularizer,Kernel Regularizer
tensorflow.keras.regularizers.l2,l,Kernel Regularizer
tensorflow.layers.conv2d_transpose,kernel_regularizer,Kernel Regularizer
keras.layers.Conv2DTranspose,kernel_regularizer,Kernel Regularizer
keras.layers.SeparableConv2D,kernel_regularizer,Kernel Regularizer
keras.regularizers.l1_l2,0,Kernel Regularizer
keras.regularizers.l1_l2,1,Kernel Regularizer
keras.layers.regularizers.l2,0,Kernel Regularizer
*,kernel_regularizer,Kernel Regularizer
*,w_regularizer,Kernel Regularizer
*,weights_regularizer,Kernel Regularizer
keras.layers.Conv2D,kernel_initializer,Kernel Initializer
keras.layers.Conv2D,kernel_initializer,Kernel Initializer
keras.layers.Conv2D,kernel_initializer,Kernel Initializer
keras.layers.Dense,kernel_initializer,Kernel Initializer
tensorflow.keras.layers.Dense,kernel_initializer,Kernel Initializer
tensorflow.layers.conv2d,kernel_initializer,Kernel Initializer
tensorflow.layers.dense,kernel_initializer,Kernel Initializer
torch.nn.init.zeros_,,Kernel Initializer
torch.nn.init.xavier_uniform_,,Kernel Initializer
torch.nn.init.xavier_uniform,,Kernel Initializer
torch.nn.init.xavier_normal_,,Kernel Initializer
torch.nn.init.xavier_normal,,Kernel Initializer
torch.nn.init.uniform_,,Kernel Initializer
torch.nn.init.uniform,,Kernel Initializer
torch.nn.init.orthogonal_,,Kernel Initializer
torch.nn.init.orthogonal,,Kernel Initializer
torch.nn.init.ones_,,Kernel Initializer
torch.nn.init.ones,,Kernel Initializer
torch.nn.init.normal_,,Kernel Initializer
torch.nn.init.normal,,Kernel Initializer
torch.nn.init.kaiming_uniform_,,Kernel Initializer
torch.nn.init.kaiming_uniform,,Kernel Initializer
torch.nn.init.kaiming_normal_,,Kernel Initializer
torch.nn.init.kaiming_normal,,Kernel Initializer
torch.nn.init.constant_,,Kernel Initializer
torch.nn.init.constant,,Kernel Initializer
tensorflow.zeros_initializer,,Kernel Initializer
tensorflow.variance_scaling_initializer,,Kernel Initializer
tensorflow.uniform_unit_scaling_initializer,,Kernel Initializer
tensorflow.truncated_normal_initializer,,Kernel Initializer
tensorflow.random_uniform_initializer,,Kernel Initializer
tensorflow.random_normal_initializer,,Kernel Initializer
tensorflow.python.ops.init_ops.zeros_initializer,,Kernel Initializer
tensorflow.python.keras.initializers.Constant,,Kernel Initializer
tensorflow.orthogonal_initializer,,Kernel Initializer
tensorflow.ones_initializer,,Kernel Initializer
tensorflow.keras.initializers.VarianceScaling,,Kernel Initializer
tensorflow.keras.initializers.TruncatedNormal,,Kernel Initializer
tensorflow.keras.initializers.RandomUniform,,Kernel Initializer
tensorflow.keras.initializers.RandomNormal,,Kernel Initializer
tensorflow.keras.initializers.Orthogonal,,Kernel Initializer
tensorflow.keras.initializers.he_normal,,Kernel Initializer
tensorflow.keras.initializers.glorot_uniform,,Kernel Initializer
tensorflow.keras.initializers.glorot_normal,,Kernel Initializer
tensorflow.keras.initializers.Constant,,Kernel Initializer
tensorflow.keras.initializers.constant,,Kernel Initializer
tensorflow.initializers.zeros,,Kernel Initializer
tensorflow.initializers.truncated_normal,,Kernel Initializer
tensorflow.initializers.random_uniform,,Kernel Initializer
tensorflow.initializers.random_normal,,Kernel Initializer
tensorflow.initializers.constant,,Kernel Initializer
tensorflow.glorot_uniform_initializer,,Kernel Initializer
tensorflow.glorot_normal_initializer,,Kernel Initializer
tensorflow.contrib.layers.xavier_initializer_conv2d,,Kernel Initializer
tensorflow.contrib.layers.xavier_initializer,,Kernel Initializer
tensorflow.contrib.layers.variance_scaling_initializer,,Kernel Initializer
tensorflow.contrib.layers.python.layers.initializers.xavier_initializer,,Kernel Initializer
tensorflow.constant_initializer,,Kernel Initializer
keras.initializers.Zeros,,Kernel Initializer
keras.initializers.VarianceScaling,,Kernel Initializer
keras.initializers.RandomUniform,,Kernel Initializer
keras.initializers.RandomNormal,,Kernel Initializer
keras.initializers.orthogonal,,Kernel Initializer
keras.initializers.Ones,,Kernel Initializer
keras.initializers.normal,,Kernel Initializer
keras.initializers.Constant,,Kernel Initializer
keras.initializers.constant,,Kernel Initializer
tensorflow.get_variable,initializer,Kernel Initializer
tensorflow.constant_initializer,0,Kernel Initializer
tensorflow.truncated_normal_initializer,stddev,Kernel Initializer
tensorflow.keras.layers.Conv2D,kernel_initializer,Kernel Initializer
tensorflow.random_normal_initializer,stddev,Kernel Initializer
torch.nn.init.xavier_uniform_,0,Kernel Initializer
keras.layers.convolutional.Convolution2D,init,Kernel Initializer
torch.nn.init.constant_,0,Kernel Initializer
keras.layers.Dense,init,Kernel Initializer
torch.nn.init.normal_,0,Kernel Initializer
tensorflow.contrib.layers.fully_connected,weights_initializer,Kernel Initializer
torch.nn.init.kaiming_normal_,mode,Kernel Initializer
torch.nn.init.constant_,1,Kernel Initializer
tensorflow.contrib.slim.arg_scope,weights_initializer,Kernel Initializer
keras.layers.core.Dense,init,Kernel Initializer
torch.nn.init.xavier_uniform,0,Kernel Initializer
torch.nn.init.kaiming_normal_,nonlinearity,Kernel Initializer
tensorflow.layers.conv2d_transpose,kernel_initializer,Kernel Initializer
torch.nn.init.normal_,std,Kernel Initializer
torch.nn.init.kaiming_normal_,0,Kernel Initializer
torch.nn.init.uniform_,1,Kernel Initializer
torch.nn.init.constant,0,Kernel Initializer
keras.layers.convolutional.Convolution2D,kernel_initializer,Kernel Initializer
keras.initializers.RandomNormal,stddev,Kernel Initializer
keras.layers.convolutional.Conv2D,kernel_initializer,Kernel Initializer
tensorflow.keras.layers.Conv1D,kernel_initializer,Kernel Initializer
tensorflow.random_uniform_initializer,0,Kernel Initializer
tensorflow.random_uniform_initializer,1,Kernel Initializer
tensorflow.layers.Conv2D,kernel_initializer,Kernel Initializer
tensorflow.constant_initializer,value,Kernel Initializer
tensorflow.truncated_normal_initializer,0,Kernel Initializer
tensorflow.truncated_normal_initializer,1,Kernel Initializer
tensorflow.truncated_normal_initializer,mean,Kernel Initializer
tensorflow.initializers.constant,0,Kernel Initializer
tensorflow.random_normal_initializer,0,Kernel Initializer
tensorflow.random_normal_initializer,0,Kernel Initializer
tensorflow.random_normal_initializer,mean,Kernel Initializer
tensorflow.random_normal_initializer,1,Kernel Initializer
tensorflow.random_uniform_initializer,maxval,Kernel Initializer
tensorflow.random_uniform_initializer,minval,Kernel Initializer
tensorflow.contrib.layers.variance_scaling_initializer,dtype,Kernel Initializer
tensorflow.contrib.layers.variance_scaling_initializer,factor,Kernel Initializer
tensorflow.contrib.layers.variance_scaling_initializer,mode,Kernel Initializer
tensorflow.contrib.layers.variance_scaling_initializer,seed,Kernel Initializer
tensorflow.contrib.layers.variance_scaling_initializer,uniform,Kernel Initializer
tensorflow.layers.conv1d,kernel_initializer,Kernel Initializer
tensorflow.orthogonal_initializer,gain,Kernel Initializer
tensorflow.keras.initializers.RandomNormal,stddev,Kernel Initializer
tensorflow.keras.initializers.Constant,0,Kernel Initializer
tensorflow.layers.Dense,kernel_initializer,Kernel Initializer
tensorflow.contrib.layers.xavier_initializer,seed,Kernel Initializer
tensorflow.contrib.layers.xavier_initializer,uniform,Kernel Initializer
tensorflow.variance_scaling_initializer,mode,Kernel Initializer
tensorflow.variance_scaling_initializer,scale,Kernel Initializer
keras.initializers.Constant,value,Kernel Initializer
keras.layers.Conv1D,kernel_initializer,Kernel Initializer
keras.initializers.RandomNormal,mean,Kernel Initializer
tensorflow.constant_initializer,1,Kernel Initializer
tensorflow.glorot_uniform_initializer,seed,Kernel Initializer
tensorflow.keras.initializers.TruncatedNormal,stddev,Kernel Initializer
keras.regularizers.l2,l,Kernel Initializer
torch.nn.init.normal_,2,Kernel Initializer
torch.nn.init.normal_,mean,Kernel Initializer
torch.nn.init.normal,2,Kernel Initializer
torch.nn.init.kaiming_normal,0,Kernel Initializer
torch.nn.init.uniform_,2,Kernel Initializer
torch.nn.utils.weight_norm,0,Kernel Initializer
torch.nn.init.kaiming_uniform_,0,Kernel Initializer
torch.nn.init.xavier_normal,gain,Kernel Initializer
torch.nn.init.normal,0,Kernel Initializer
torch.nn.init.normal,std,Kernel Initializer
torch.nn.init.normal,mean,Kernel Initializer
torch.nn.init.xavier_uniform,gain,Kernel Initializer
torch.nn.init.xavier_uniform_,gain,Kernel Initializer
torch.nn.init.constant_,val,Kernel Initializer
torch.nn.init.kaiming_normal_,a,Kernel Initializer
torch.nn.Linear.weight.data.uniform_,0,Kernel Initializer
torch.nn.Linear.weight.data.uniform_,1,Kernel Initializer
torch.nn.init.normal_,1,Kernel Initializer
torch.nn.init.normal_,1,Kernel Initializer
torch.nn.init.constant,1,Kernel Initializer
torch.nn.init.constant,1,Kernel Initializer
torch.nn.init.constant,val,Kernel Initializer
torch.nn.init.orthogonal_,0,Kernel Initializer
torch.nn.init.orthogonal_,gain,Kernel Initializer
torch.nn.init.orthogonal_,1,Kernel Initializer
torch.nn.utils.weight_norm,name,Kernel Initializer
torch.nn.utils.weight_norm,dim,Kernel Initializer
torch.nn.init.kaiming_normal,a,Kernel Initializer
torch.nn.init.kaiming_normal,mode,Kernel Initializer
torch.nn.init.xavier_normal_,0,Kernel Initializer
torch.nn.init.xavier_normal_,gain,Kernel Initializer
torch.nn.init.kaiming_uniform_,a,Kernel Initializer
torch.nn.init.kaiming_uniform_,nonlinearity,Kernel Initializer
torch.nn.init.uniform_,0,Kernel Initializer
torch.nn.init.zeros_,0,Kernel Initializer
torch.nn.init.orthogonal,0,Kernel Initializer
torch.nn.init.orthogonal,gain,Kernel Initializer
torch.nn.init.uniform,0,Kernel Initializer
torch.nn.init.uniform,1,Kernel Initializer
torch.nn.init.uniform,2,Kernel Initializer
torch.nn.init.xavier_normal,0,Kernel Initializer
torch.nn.init.ones_,0,Kernel Initializer
torch.nn.init.normal,1,Kernel Initializer
*,kernel_initializer,Kernel Initializer
*,weights_initializer,Kernel Initializer
keras.layers.Conv2D,use_bias,Bias Function
tensorflow.keras.layers.Conv2D,use_bias,Bias Function
tensorflow.nn.bias_add,0,Bias Function
tensorflow.nn.bias_add,0,Bias Function
tensorflow.nn.bias_add,0,Bias Function
tensorflow.nn.bias_add,1,Bias Function
tensorflow.nn.bias_add,1,Bias Function
tensorflow.nn.bias_add,1,Bias Function
tensorflow.nn.xw_plus_b,2,Bias Function
torch.nn.Conv1d,bias,Bias Function
torch.nn.Conv2d,bias,Bias Function
torch.nn.Conv2d,bias,Bias Function
torch.nn.Conv2d,bias,Bias Function
torch.nn.ConvTranspose2d,bias,Bias Function
torch.nn.functional.conv2d,2,Bias Function
torch.nn.Linear,bias,Bias Function
torch.nn.Linear,bias,Bias Function
torch.nn.functional.linear,2,Bias Function
tensorflow.layers.conv2d,bias_initializer,Bias Function
tensorflow.keras.layers.Dense,2,Bias Function
tensorflow.contrib.layers.fully_connected,biases_initializer,Bias Function
tensorflow.keras.layers.Conv2D,bias_regularizer,Bias Function
tensorflow.keras.layers.Conv2D,bias_initializer,Bias Function
tensorflow.contrib.slim.conv2d,biases_initializer,Bias Function
torch.nn.Conv3d,bias,Bias Function
tensorflow.layers.dense,use_bias,Bias Function
tensorflow.layers.dense,bias_initializer,Bias Function
tensorflow.layers.conv2d,use_bias,Bias Function
tensorflow.contrib.slim.fully_connected,biases_initializer,Bias Function
tensorflow.keras.layers.Dense,use_bias,Bias Function
tensorflow.keras.layers.Dense,bias_regularizer,Bias Function
tensorflow.keras.layers.Dense,bias_initializer,Bias Function
tensorflow.keras.layers.DepthwiseConv2D,use_bias,Bias Function
tensorflow.contrib.rnn.BasicLSTMCell,forget_bias,Bias Function
tensorflow.nn.local_response_normalization,bias,Bias Function
tensorflow.nn.sampled_softmax_loss,biases,Bias Function
tensorflow.nn.lrn,bias,Bias Function
tensorflow.python.keras.layers.Conv2D,use_bias,Bias Function
tensorflow.layers.Dense,use_bias,Bias Function
keras.layers.Dense,use_bias,Bias Function
keras.layers.Dense,bias_initializer,Bias Function
keras.layers.Conv2D,bias_initializer,Bias Function
keras.layers.SeparableConv2D,use_bias,Bias Function
keras.layers.convolutional.Conv2D,use_bias,Bias Function
keras.layers.convolutional.Convolution2D,bias,Bias Function
*,bias,Bias Function
*,use_bias,Bias Function
*,bias_initializer,Bias Function
*,biases_initializer,Bias Function
*,bias_regularizer,Bias Function
keras.backend.softmax,0,Activation Function
keras.backend.tanh,0,Activation Function
keras.layers.Activation,0,Activation Function
keras.layers.Conv1D,activation,Activation Function
keras.layers.Conv2D,activation,Activation Function
keras.layers.convolutional.Convolution2D,activation,Activation Function
keras.layers.core.Activation,0,Activation Function
keras.layers.core.Dense,activation,Activation Function
keras.layers.Dense,activation,Activation Function
keras.layers.Dense,activation,Activation Function
keras.layers.Dense,activation,Activation Function
keras.layers.Dense,activation,Activation Function
keras.layers.LSTM,activation,Activation Function
tensorflow.contrib.layers.fully_connected,activation_fn,Activation Function
tensorflow.contrib.slim.conv2d,activation_fn,Activation Function
tensorflow.contrib.slim.fully_connected,activation_fn,Activation Function
tensorflow.keras.layers.Activation,0,Activation Function
tensorflow.keras.layers.Conv2D,activation,Activation Function
tensorflow.keras.layers.Conv2D,activation,Activation Function
tensorflow.keras.layers.Dense,activation,Activation Function
tensorflow.keras.layers.Dense,activation,Activation Function
tensorflow.layers.conv2d,activation,Activation Function
tensorflow.layers.dense,activation,Activation Function
*keras.*.Activation,0,Activation Function
keras.layers.Convolution2D,activation,Activation Function
tensorflow.contrib.layers.conv2d,activation_fn,Activation Function
tensorflow.keras.layers.Conv1D,activation,Activation Function
tensorflow.python.keras.layers.Dense,activation,Activation Function
tensorflow.contrib.slim.arg_scope,activation_fn,Activation Function
tensorflow.contrib.slim.conv2d_transpose,activation_fn,Activation Function
tensorflow.contrib.layers.batch_norm,activation_fn,Activation Function
tensorflow.layers.conv1d,activation,Activation Function
tensorflow.python.keras.layers.Activation,0,Activation Function
tensorflow.python.keras.layers.Conv2D,activation,Activation Function
tensorflow.layers.conv2d_transpose,activation,Activation Function
tensorflow.layers.Dense,activation,Activation Function
keras.layers.Activation,activation,Activation Function
keras.layers.recurrent.LSTM,activation,Activation Function
keras.layers.Conv2DTranspose,activation,Activation Function
keras.layers.advanced_activations.LeakyReLU,alpha,Activation Function
keras.layers.convolutional.Conv2D,activation,Activation Function
keras.layers.LeakyReLU,alpha,Activation Function
keras.layers.LeakyReLU,0,Activation Function
*,activation,Activation Function
*,activation_fn,Activation Function
*,recurrent_activation,Activation Function
*keras.*.Activation,0,Activation Function