Library Name,API Name,Network Type
torch,torch.tanh,Activation
torch,torch.sigmoid,Activation
torch,torch.relu,Activation
torch,torch.nn.Tanh,Activation
torch,torch.nn.Softplus,Activation
torch,torch.nn.Softmax2d,Activation
torch,torch.nn.Softmax,Activation
torch,torch.nn.Sigmoid,Activation
torch,torch.nn.SELU,Activation
torch,torch.nn.ReLU6,Activation
torch,torch.nn.ReLU,Activation
torch,torch.nn.PReLU,Activation
torch,torch.nn.LogSoftmax,Activation
torch,torch.nn.LogSigmoid,Activation
torch,torch.nn.LeakyReLU,Activation
torch,torch.nn.Hardtanh,Activation
torch,torch.nn.GLU,Activation
torch,torch.nn.functional.tanh,Activation
torch,torch.nn.functional.softplus.tanh,Activation
torch,torch.nn.functional.softplus,Activation
torch,torch.nn.functional.softmax.multinomial,Activation
torch,torch.nn.functional.softmax,Activation
torch,torch.nn.functional.sigmoid,Activation
torch,torch.nn.functional.selu,Activation
torch,torch.nn.functional.relu6,Activation
torch,torch.nn.functional.relu_,Activation
torch,torch.nn.functional.relu,Activation
torch,torch.nn.functional.logsigmoid,Activation
torch,torch.nn.functional.log_softmax,Activation
torch,torch.nn.functional.leaky_relu_,Activation
torch,torch.nn.functional.leaky_relu,Activation
torch,torch.nn.functional.hardtanh,Activation
torch,torch.nn.functional.glu,Activation
torch,torch.nn.functional.gelu,Activation
torch,torch.nn.functional.elu,Activation
torch,torch.nn.ELU,Activation
torch,torch.nn.CELU,Activation
torch,torch.log_softmax,Activation
torch,torch.functional.relu,Activation
tensorflow,tensorflow.tanh,Activation
tensorflow,tensorflow.softmax,Activation
tensorflow,tensorflow.sigmoid,Activation
tensorflow,tensorflow.python.ops.nn.softplus,Activation
tensorflow,tensorflow.python.ops.math_ops.tanh,Activation
tensorflow,tensorflow.python.ops.math_ops.sigmoid,Activation
tensorflow,tensorflow.python.keras.layers.Activation,Activation
tensorflow,tensorflow.nn.tanh,Activation
tensorflow,tensorflow.nn.swish,Activation
tensorflow,tensorflow.nn.sparse_softmax_cross_entropy_with_logits,Activation
tensorflow,tensorflow.nn.softplus,Activation
tensorflow,tensorflow.nn.softmax,Activation
tensorflow,tensorflow.nn.sigmoid_cross_entropy_with_logits,Activation
tensorflow,tensorflow.nn.sigmoid,Activation
tensorflow,tensorflow.nn.selu,Activation
tensorflow,tensorflow.nn.relu6,Activation
tensorflow,tensorflow.nn.relu_layer,Activation
tensorflow,tensorflow.nn.relu,Activation
tensorflow,tensorflow.nn.log_softmax,Activation
tensorflow,tensorflow.nn.leaky_relu,Activation
tensorflow,tensorflow.nn.elu,Activation
tensorflow,tensorflow.math.tanh,Activation
tensorflow,tensorflow.math.softplus,Activation
tensorflow,tensorflow.math.sigmoid,Activation
tensorflow,tensorflow.keras.layers.Softmax,Activation
tensorflow,tensorflow.keras.layers.ReLU,Activation
tensorflow,tensorflow.keras.layers.PReLU,Activation
tensorflow,tensorflow.keras.layers.LeakyReLU,Activation
tensorflow,tensorflow.keras.layers.Activation,Activation
tensorflow,tensorflow.keras.backend.sigmoid,Activation
tensorflow,tensorflow.keras.activations.relu,Activation
tensorflow,tensorflow.contrib.slim.softmax,Activation
tensorflow,tensorflow.compat.v1.nn.softmax,Activation
keras,keras.layers.ReLU,Activation
keras,keras.layers.PReLU,Activation
keras,keras.layers.LeakyReLU,Activation
keras,keras.layers.ELU,Activation
keras,keras.layers.core.Activation,Activation
keras,keras.layers.advanced_activations.PReLU,Activation
keras,keras.layers.advanced_activations.LeakyReLU,Activation
keras,keras.layers.advanced_activations.ELU,Activation
keras,keras.layers.Activation,Activation
keras,keras.backend.softplus,Activation
keras,keras.backend.softmax,Activation
keras,keras.backend.sigmoid,Activation
keras,keras.backend.relu,Activation
keras,keras.activations.softmax,Activation
keras,keras.activations.sigmoid,Activation
torch,torch.nn.modules.conv.Conv2d,Convolutional
torch,torch.nn.functions.conv.ConvNd,Convolutional
torch,torch.nn.functional.conv3d,Convolutional
torch,torch.nn.functional.conv2d,Convolutional
torch,torch.nn.functional.conv1d,Convolutional
torch,torch.nn.functional.conv_transpose2d,Convolutional
torch,torch.nn.functional.conv_transpose1d,Convolutional
torch,torch.nn.ConvTranspose3d,Convolutional
torch,torch.nn.ConvTranspose2d,Convolutional
torch,torch.nn.ConvTranspose1d,Convolutional
torch,torch.nn.Conv3d,Convolutional
torch,torch.nn.Conv2d,Convolutional
torch,torch.nn.Conv1d,Convolutional
torch,torch.nn._functions.conv.ConvNd,Convolutional
torch,torch._C._functions.ConvNd,Convolutional
tensorflow,tensorflow.python.keras.layers.Conv2DTranspose,Convolutional
tensorflow,tensorflow.python.keras.layers.Conv2D,Convolutional
tensorflow,tensorflow.nn.separable_conv2d,Convolutional
tensorflow,tensorflow.nn.dilation2d,Convolutional
tensorflow,tensorflow.nn.depthwise_conv2d,Convolutional
tensorflow,tensorflow.nn.deconv2d,Convolutional
tensorflow,tensorflow.nn.convolution,Convolutional
tensorflow,tensorflow.nn.conv3d_transpose,Convolutional
tensorflow,tensorflow.nn.conv3d,Convolutional
tensorflow,tensorflow.nn.conv2d_transpose,Convolutional
tensorflow,tensorflow.nn.conv2d,Convolutional
tensorflow,tensorflow.nn.conv1d,Convolutional
tensorflow,tensorflow.nn.atrous_conv2d,Convolutional
tensorflow,tensorflow.layers.separable_conv2d,Convolutional
tensorflow,tensorflow.layers.conv3d,Convolutional
tensorflow,tensorflow.layers.Conv2DTranspose,Convolutional
tensorflow,tensorflow.layers.conv2d_transpose,Convolutional
tensorflow,tensorflow.layers.conv2d,Convolutional
tensorflow,tensorflow.layers.Conv2D,Convolutional
tensorflow,tensorflow.layers.conv1d,Convolutional
tensorflow,tensorflow.keras.layers.SeparableConv2D,Convolutional
tensorflow,tensorflow.keras.layers.DepthwiseConv2D,Convolutional
tensorflow,tensorflow.keras.layers.Convolution2D,Convolutional
tensorflow,tensorflow.keras.layers.Conv3D,Convolutional
tensorflow,tensorflow.keras.layers.Conv2DTranspose,Convolutional
tensorflow,tensorflow.keras.layers.Conv2D,Convolutional
tensorflow,tensorflow.keras.layers.Conv1D,Convolutional
tensorflow,tensorflow.contrib.slim.separable_conv2d,Convolutional
tensorflow,tensorflow.contrib.slim.ops.conv2d,Convolutional
tensorflow,tensorflow.contrib.slim.layers.conv2d_transpose,Convolutional
tensorflow,tensorflow.contrib.slim.layers.conv2d,Convolutional
tensorflow,tensorflow.contrib.slim.convolution2d,Convolutional
tensorflow,tensorflow.contrib.slim.convolution,Convolutional
tensorflow,tensorflow.contrib.slim.conv2d_transpose,Convolutional
tensorflow,tensorflow.contrib.slim.conv2d,Convolutional
tensorflow,tensorflow.contrib.layers.separable_conv2d,Convolutional
tensorflow,tensorflow.contrib.layers.convolution2d_transpose,Convolutional
tensorflow,tensorflow.contrib.layers.convolution2d,Convolutional
tensorflow,tensorflow.contrib.layers.conv2d_transpose,Convolutional
tensorflow,tensorflow.contrib.layers.conv2d,Convolutional
tensorflow,tensorflow.contrib.keras.layers.Conv2D,Convolutional
tensorflow,tensorflow.compat.v1.nn.conv2d_transpose,Convolutional
tensorflow,tensorflow.compat.v1.nn.conv2d,Convolutional
tensorflow,tensorflow.compat.v1.layers.conv2d,Convolutional
keras,keras.layers.SeparableConvolution2D,Convolutional
keras,keras.layers.SeparableConv2D,Convolutional
keras,keras.layers.Deconvolution3D,Convolutional
keras,keras.layers.Deconvolution2D,Convolutional
keras,keras.layers.convolutional.Deconvolution2D,Convolutional
keras,keras.layers.convolutional.Convolution3D,Convolutional
keras,keras.layers.convolutional.Convolution2D,Convolutional
keras,keras.layers.convolutional.Convolution1D,Convolutional
keras,keras.layers.convolutional.Conv3D,Convolutional
keras,keras.layers.convolutional.Conv2DTranspose,Convolutional
keras,keras.layers.convolutional.Conv2D,Convolutional
keras,keras.layers.convolutional.Conv1D,Convolutional
keras,keras.layers.Convolution3D,Convolutional
keras,keras.layers.Convolution2D,Convolutional
keras,keras.layers.Convolution1D,Convolutional
keras,keras.layers.Conv3DTranspose,Convolutional
keras,keras.layers.Conv3D,Convolutional
keras,keras.layers.Conv2DTranspose,Convolutional
keras,keras.layers.Conv2D,Convolutional
keras,keras.layers.Conv1D,Convolutional
keras,keras.layers.AtrousConvolution2D,Convolutional
keras,keras.layers.AtrousConvolution1D,Convolutional
keras,keras.backend.depthwise_conv2d,Convolutional
keras,keras.backend.conv2d,Convolutional
torch,torch.nn.functional.dropout3d,Dropout
torch,torch.nn.functional.dropout2d,Dropout
torch,torch.nn.functional.dropout,Dropout
torch,torch.nn.Dropout2d,Dropout
torch,torch.nn.Dropout,Dropout
tensorflow,tensorflow.python.ops.rnn_cell.DropoutWrapper,Dropout
tensorflow,tensorflow.python.keras.layers.Dropout,Dropout
tensorflow,tensorflow.nn.rnn_cell.DropoutWrapper,Dropout
tensorflow,tensorflow.nn.dropout,Dropout
tensorflow,tensorflow.layers.dropout,Dropout
tensorflow,tensorflow.layers.Dropout,Dropout
tensorflow,tensorflow.keras.layers.Dropout,Dropout
tensorflow,tensorflow.contrib.slim.dropout,Dropout
tensorflow,tensorflow.contrib.rnn.DropoutWrapper,Dropout
tensorflow,tensorflow.contrib.layers.dropout,Dropout
tensorflow,tensorflow.compat.v1.layers.dropout,Dropout
keras,keras.layers.SpatialDropout2D,Dropout
keras,keras.layers.SpatialDropout1D,Dropout
keras,keras.layers.noise.GaussianNoise,Dropout
keras,keras.layers.noise.GaussianDropout,Dropout
keras,keras.layers.GaussianNoise,Dropout
keras,keras.layers.Dropout,Dropout
keras,keras.layers.core.Dropout,Dropout
keras,keras.layers.AlphaDropout,Dropout
keras,keras.backend.dropout,Dropout
torch,torch.nn.parallel.DistributedDataParallel,Enhancement
torch,torch.nn.DataParallel,Enhancement
tensorflow,tensorflow.keras.utils.multi_gpu_model,Enhancement
tensorflow,tensorflow.contrib.tpu.TPUEstimatorSpec,Enhancement
tensorflow,tensorflow.contrib.tpu.TPUEstimator,Enhancement
tensorflow,tensorflow.contrib.tpu.TPUConfig,Enhancement
tensorflow,tensorflow.contrib.tpu.python.tpu.tpu_estimator.TPUEstimator,Enhancement
tensorflow,tensorflow.compat.v1.estimator.tpu.TPUEstimator,Enhancement
keras,keras.utils.multi_gpu_model,Enhancement
torch,torch.nn.Linear.weight.data.uniform_,Initializer
torch,torch.nn.Linear.weight.data.normal_,Initializer
torch,torch.nn.Linear.weight.data.normal,Initializer
torch,torch.nn.init.zeros_,Initializer
torch,torch.nn.init.xavier_uniform_,Initializer
torch,torch.nn.init.xavier_uniform,Initializer
torch,torch.nn.init.xavier_normal_,Initializer
torch,torch.nn.init.xavier_normal,Initializer
torch,torch.nn.init.uniform_,Initializer
torch,torch.nn.init.uniform,Initializer
torch,torch.nn.init.orthogonal_,Initializer
torch,torch.nn.init.orthogonal,Initializer
torch,torch.nn.init.ones_,Initializer
torch,torch.nn.init.ones,Initializer
torch,torch.nn.init.normal_,Initializer
torch,torch.nn.init.normal,Initializer
torch,torch.nn.init.kaiming_uniform_,Initializer
torch,torch.nn.init.kaiming_uniform,Initializer
torch,torch.nn.init.kaiming_normal_,Initializer
torch,torch.nn.init.kaiming_normal,Initializer
torch,torch.nn.init.constant_,Initializer
torch,torch.nn.init.constant,Initializer
torch,torch.nn.Embedding.weight.data.uniform_,Initializer
tensorflow,tensorflow.zeros_initializer,Initializer
tensorflow,tensorflow.variance_scaling_initializer,Initializer
tensorflow,tensorflow.uniform_unit_scaling_initializer,Initializer
tensorflow,tensorflow.truncated_normal_initializer,Initializer
tensorflow,tensorflow.random_uniform_initializer,Initializer
tensorflow,tensorflow.random_normal_initializer,Initializer
tensorflow,tensorflow.python.ops.init_ops.zeros_initializer,Initializer
tensorflow,tensorflow.python.keras.initializers.Constant,Initializer
tensorflow,tensorflow.orthogonal_initializer,Initializer
tensorflow,tensorflow.ones_initializer,Initializer
tensorflow,tensorflow.keras.initializers.VarianceScaling,Initializer
tensorflow,tensorflow.keras.initializers.TruncatedNormal,Initializer
tensorflow,tensorflow.keras.initializers.RandomUniform,Initializer
tensorflow,tensorflow.keras.initializers.RandomNormal,Initializer
tensorflow,tensorflow.keras.initializers.Orthogonal,Initializer
tensorflow,tensorflow.keras.initializers.he_normal,Initializer
tensorflow,tensorflow.keras.initializers.glorot_uniform,Initializer
tensorflow,tensorflow.keras.initializers.glorot_normal,Initializer
keras,tensorflow.keras.initializers.Constant,Initializer
tensorflow,tensorflow.keras.initializers.constant,Initializer
tensorflow,tensorflow.initializers.zeros,Initializer
tensorflow,tensorflow.initializers.truncated_normal,Initializer
tensorflow,tensorflow.initializers.random_uniform,Initializer
tensorflow,tensorflow.initializers.random_normal,Initializer
tensorflow,tensorflow.initializers.constant,Initializer
tensorflow,tensorflow.glorot_uniform_initializer,Initializer
tensorflow,tensorflow.glorot_normal_initializer,Initializer
tensorflow,tensorflow.contrib.layers.xavier_initializer_conv2d,Initializer
tensorflow,tensorflow.contrib.layers.xavier_initializer,Initializer
tensorflow,tensorflow.contrib.layers.variance_scaling_initializer,Initializer
tensorflow,tensorflow.contrib.layers.python.layers.initializers.xavier_initializer,Initializer
tensorflow,tensorflow.constant_initializer,Initializer
keras,keras.initializers.Zeros,Initializer
keras,keras.initializers.VarianceScaling,Initializer
keras,keras.initializers.RandomUniform,Initializer
keras,keras.initializers.RandomNormal,Initializer
keras,keras.initializers.orthogonal,Initializer
keras,keras.initializers.Ones,Initializer
keras,keras.initializers.normal,Initializer
keras,keras.initializers.Constant,Initializer
keras,keras.initializers.constant,Initializer
torch,torch.nn.modules.linear.Linear,Linear
torch,torch.nn.Linear,Linear
torch,torch.nn.functional.linear,Linear
torch,torch.matmul,Linear
tensorflow,tensorflow.sparse.sparse_dense_matmul,Linear
tensorflow,tensorflow.python.layers.core.Dense,Linear
tensorflow,tensorflow.python.keras.layers.Lambda,Linear
tensorflow,tensorflow.python.keras.layers.Dense,Linear
tensorflow,tensorflow.nn.xw_plus_b,Linear
tensorflow,tensorflow.matmul,Linear
tensorflow,tensorflow.layers.dense,Linear
tensorflow,tensorflow.layers.Dense,Linear
tensorflow,tensorflow.keras.layers.Lambda,Linear
tensorflow,tensorflow.keras.layers.Dense,Linear
tensorflow,tensorflow.contrib.slim.layers.fully_connected,Linear
tensorflow,tensorflow.contrib.slim.fully_connected,Linear
tensorflow,tensorflow.contrib.layers.linear,Linear
tensorflow,tensorflow.contrib.layers.fully_connected,Linear
tensorflow,tensorflow.compat.v1.matmul,Linear
tensorflow,tensorflow.compat.v1.layers.dense,Linear
keras,keras.layers.MaxoutDense,Linear
keras,keras.layers.Lambda,Linear
keras,keras.layers.Dense,Linear
keras,keras.layers.core.Lambda,Linear
keras,keras.layers.core.Dense,Linear
torch,torch.tensor.permute,Merging
torch,torch.cat,Merging
torch,torch.baddbmm,Merging
tensorflow,tensorflow.keras.layers.Concatenate,Merging
tensorflow,tensorflow.keras.layers.concatenate,Merging
tensorflow,tensorflow.keras.layers.Add,Merging
tensorflow,tensorflow.keras.backend.dot,Merging
keras,keras.layers.Subtract,Merging
keras,keras.layers.multiply,Merging
keras,keras.layers.Multiply,Merging
keras,keras.layers.merge.Multiply,Merging
keras,keras.layers.merge.Multiply,Merging
keras,keras.layers.merge.dot,Merging
keras,keras.layers.merge.concatenate,Merging
keras,keras.layers.merge.Concatenate,Merging
keras,keras.layers.merge.add,Merging
keras,keras.layers.merge.Add,Merging
keras,keras.layers.merge,Merging
keras,keras.layers.Merge,Merging
keras,keras.layers.dot,Merging
keras,keras.layers.core.Merge,Merging
keras,keras.layers.concatenate,Merging
keras,keras.layers.Concatenate,Merging
keras,keras.layers.average,Merging
keras,keras.layers.add,Merging
keras,keras.layers.Add,Merging
torch,torch.nn.LocalResponseNorm,Normalization
torch,torch.nn.LayerNorm,Normalization
torch,torch.nn.InstanceNorm2d,Normalization
torch,torch.nn.InstanceNorm1d,Normalization
torch,torch.nn.GroupNorm,Normalization
torch,torch.nn.GroupNorm,Normalization
torch,torch.nn.functional.normalize,Normalization
torch,torch.nn.functional.batch_norm,Normalization
torch,torch.nn.BatchNorm3d,Normalization
torch,torch.nn.BatchNorm2d,Normalization
torch,torch.nn.BatchNorm1d,Normalization
tensorflow,tensorflow.python.keras.layers.BatchNormalization,Normalization
tensorflow,tensorflow.nn.lrn,Normalization
tensorflow,tensorflow.nn.l2_normalize,Normalization
tensorflow,tensorflow.nn.fused_batch_norm,Normalization
tensorflow,tensorflow.nn.batch_normalization,Normalization
tensorflow,tensorflow.nn.batch_norm_with_global_normalization,Normalization
tensorflow,tensorflow.math.l2_normalize,Normalization
tensorflow,tensorflow.layers.BatchNormalization,Normalization
tensorflow,tensorflow.layers.batch_normalization,Normalization
tensorflow,tensorflow.keras.layers.LayerNormalization,Normalization
tensorflow,tensorflow.keras.layers.BatchNormalization,Normalization
tensorflow,tensorflow.contrib.slim.batch_norm,Normalization
tensorflow,tensorflow.contrib.layers.layer_norm,Normalization
tensorflow,tensorflow.contrib.layers.instance_norm,Normalization
tensorflow,tensorflow.contrib.layers.batch_norm,Normalization
tensorflow,tensorflow.compat.v1.layers.batch_normalization,Normalization
tensorflow,tensorflow_addons.layers.InstanceNormalization,Normalization
keras,keras.layers.normalization.BatchNormalization,Normalization
keras,keras.layers.BatchNormalization,Normalization
keras,keras.backend.tf.nn.l2_normalize,Normalization
keras,keras.backend.l2_normalize,Normalization
keras,keras.backend.l2_normalize,Normalization
keras,keras.backend.batch_normalization,Normalization
keras,keras_resnet.layers.BatchNormalization,Normalization
keras,keras_layer_normalization.LayerNormalization,Normalization
keras,keras_contrib.layers.normalization.instancenormalization.InstanceNormalization,Normalization
keras,keras_contrib.layers.InstanceNormalization,Normalization
torch,torch.nn.MaxUnpool2d,Pooling
torch,torch.nn.MaxPool3d,Pooling
torch,torch.nn.MaxPool2d,Pooling
torch,torch.nn.MaxPool1d,Pooling
torch,torch.nn.functional.max_unpool2d,Pooling
torch,torch.nn.functional.max_pool3d,Pooling
torch,torch.nn.functional.max_pool2d,Pooling
torch,torch.nn.functional.max_pool1d,Pooling
torch,torch.nn.functional.avg_pool3d,Pooling
torch,torch.nn.functional.avg_pool2d,Pooling
torch,torch.nn.functional.avg_pool1d,Pooling
torch,torch.nn.functional.adaptive_max_pool2d,Pooling
torch,torch.nn.functional.adaptive_avg_pool2d,Pooling
torch,torch.nn.functional.adaptive_avg_pool1d,Pooling
torch,torch.nn.AvgPool3d,Pooling
torch,torch.nn.AvgPool2d,Pooling
torch,torch.nn.AvgPool1d,Pooling
torch,torch.nn.AdaptiveMaxPool2d,Pooling
torch,torch.nn.AdaptiveAvgPool3d,Pooling
torch,torch.nn.AdaptiveAvgPool2d,Pooling
torch,torch.nn.AdaptiveAvgPool1d,Pooling
tensorflow,tensorflow.nn.pool,Pooling
tensorflow,tensorflow.nn.max_pool3d,Pooling
tensorflow,tensorflow.nn.max_pool2d,Pooling
tensorflow,tensorflow.nn.max_pool_with_argmax,Pooling
tensorflow,tensorflow.nn.max_pool,Pooling
tensorflow,tensorflow.nn.avg_pool3d,Pooling
tensorflow,tensorflow.nn.avg_pool2d,Pooling
tensorflow,tensorflow.nn.avg_pool,Pooling
tensorflow,tensorflow.layers.max_pooling2d,Pooling
tensorflow,tensorflow.layers.max_pooling1d,Pooling
tensorflow,tensorflow.layers.average_pooling2d,Pooling
tensorflow,tensorflow.keras.layers.MaxPooling2D,Pooling
tensorflow,tensorflow.keras.layers.MaxPool2D,Pooling
tensorflow,tensorflow.keras.layers.GlobalAvgPool2D,Pooling
tensorflow,tensorflow.keras.layers.GlobalAveragePooling2D,Pooling
tensorflow,tensorflow.keras.layers.AveragePooling2D,Pooling
tensorflow,tensorflow.contrib.slim.pool,Pooling
tensorflow,tensorflow.contrib.slim.ops.avg_pool,Pooling
tensorflow,tensorflow.contrib.slim.max_pool2d,Pooling
tensorflow,tensorflow.contrib.slim.layers.max_pool2d,Pooling
tensorflow,tensorflow.contrib.slim.avg_pool2d,Pooling
tensorflow,tensorflow.contrib.layers.python.layers.layers.max_pool2d,Pooling
tensorflow,tensorflow.contrib.layers.max_pool2d,Pooling
tensorflow,tensorflow.contrib.layers.avg_pool2d,Pooling
keras,keras.layers.pooling.MaxPooling3D,Pooling
keras,keras.layers.pooling.MaxPooling2D,Pooling
keras,keras.layers.pooling.MaxPooling1D,Pooling
keras,keras.layers.pooling.GlobalMaxPooling1D,Pooling
tensorflow,keras.layers.pooling.GlobalAveragePooling2D,Pooling
keras,keras.layers.pooling.GlobalAveragePooling1D,Pooling
keras,keras.layers.pooling.AveragePooling2D,Pooling
keras,keras.layers.MaxPooling3D,Pooling
keras,keras.layers.MaxPooling2D,Pooling
keras,keras.layers.MaxPooling1D,Pooling
keras,keras.layers.MaxPool2D,Pooling
keras,keras.layers.MaxPool1D,Pooling
keras,keras.layers.GlobalMaxPooling2D,Pooling
keras,keras.layers.GlobalMaxPooling1D,Pooling
keras,keras.layers.GlobalMaxPool1D,Pooling
keras,keras.layers.GlobalAvgPool2D,Pooling
keras,keras.layers.GlobalAveragePooling3D,Pooling
keras,keras.layers.GlobalAveragePooling2D,Pooling
keras,keras.layers.GlobalAveragePooling1D,Pooling
keras,keras.layers.convolutional.MaxPooling3D,Pooling
keras,keras.layers.convolutional.MaxPooling2D,Pooling
keras,keras.layers.convolutional.MaxPooling1D,Pooling
keras,keras.layers.convolutional.AveragePooling2D,Pooling
keras,keras.layers.AvgPool2D,Pooling
keras,keras.layers.AveragePooling2D,Pooling
keras,keras.layers.AveragePooling1D,Pooling
keras,keras.backend.pool2d,Pooling
torch,torchvision.models.vgg19_bn,Pretrained
torch,torchvision.models.vgg19,Pretrained
torch,torchvision.models.vgg16_bn,Pretrained
torch,torchvision.models.vgg16,Pretrained
torch,torchvision.models.vgg11_bn,Pretrained
torch,torchvision.models.vgg.vgg16,Pretrained
torch,torchvision.models.resnet50,Pretrained
torch,torchvision.models.resnet34,Pretrained
torch,torchvision.models.resnet34,Pretrained
torch,torchvision.models.resnet18,Pretrained
torch,torchvision.models.resnet152,Pretrained
torch,torchvision.models.resnet101,Pretrained
torch,torchvision.models.resnet.conv3x3,Pretrained
torch,torchvision.models.inception_v3,Pretrained
torch,torchvision.models.alexnet,Pretrained
torch,torchvision.models.alexnet,Pretrained
torch,torch.nn.Embedding.from_pretrained,Pretrained
tensorflow,tensorflow.python.keras.applications.resnet.stack2,Pretrained
tensorflow,tensorflow.python.keras.applications.resnet.stack1,Pretrained
tensorflow,tensorflow.keras.applications.ResNet50,Pretrained
tensorflow,tensorflow.contrib.slim.python.slim.nets.resnet_v1.resnet_v1_block,Pretrained
tensorflow,tensorflow.contrib.slim.python.slim.nets.resnet_v1.resnet_v1,Pretrained
tensorflow,tensorflow.contrib.slim.nets.resnet_v2.resnet_arg_scope,Pretrained
keras,keras.applications.xception.Xception,Pretrained
keras,keras.applications.vgg19.VGG19,Pretrained
keras,keras.applications.vgg16.VGG16,Pretrained
keras,keras.applications.VGG16,Pretrained
keras,keras.applications.resnet50.ResNet50,Pretrained
keras,keras.applications.ResNet50,Pretrained
keras,keras.applications.nasnet.NASNetMobile,Pretrained
keras,keras.applications.MobileNet,Pretrained
keras,keras.applications.InceptionV3,Pretrained
keras,keras.applications.inception_v3.InceptionV3,Pretrained
keras,keras.applications.inception_resnet_v2.InceptionResNetV2,Pretrained
keras,keras_resnet.models.ResNet50,Pretrained
keras,keras_resnet.models.ResNet152,Pretrained
keras,keras_resnet.models.ResNet101,Pretrained
keras,keras_contrib.applications.resnet.ResNet,Pretrained
keras,keras_contrib.applications.fully_convolutional_networks.AtrousFCN_Vgg16_16s,Pretrained
keras,keras_contrib.applications.densenet.DenseNetFCN,Pretrained
keras,keras_contrib.applications.densenet.DenseNet,Pretrained
torch,torch.nn.ZeroPad2d,Reshaping
torch,torch.nn.UpsamplingNearest2d,Reshaping
torch,torch.nn.UpsamplingBilinear2d,Reshaping
torch,torch.nn.Upsample,Reshaping
torch,torch.nn.ReplicationPad3d,Reshaping
torch,torch.nn.ReplicationPad2d,Reshaping
torch,torch.nn.ReflectionPad2d,Reshaping
torch,torch.nn.ReflectionPad1d,Reshaping
torch,torch.nn.functional.upsample_bilinear,Reshaping
torch,torch.nn.functional.upsample,Reshaping
torch,torch.nn.functional.pad.contiguous,Reshaping
torch,torch.nn.functional.pad,Reshaping
torch,torch.nn.functional.interpolate,Reshaping
torch,torch.nn.functional.grid_sample,Reshaping
torch,torch.nn.functional.affine_grid,Reshaping
torch,torch.nn.Flatten,Reshaping
torch,torch.nn.ConstantPad1d,Reshaping
tensorflow,tensorflow.python.keras.layers.Reshape,Reshaping
tensorflow,tensorflow.python.keras.layers.Flatten,Reshaping
tensorflow,tensorflow.nn.depth_to_space,Reshaping
tensorflow,tensorflow.layers.flatten,Reshaping
tensorflow,tensorflow.layers.flatten,Reshaping
tensorflow,tensorflow.keras.layers.ZeroPadding2D,Reshaping
tensorflow,tensorflow.keras.layers.UpSampling2D,Reshaping
tensorflow,tensorflow.keras.layers.Reshape,Reshaping
tensorflow,tensorflow.keras.layers.Flatten,Reshaping
tensorflow,tensorflow.contrib.slim.repeat,Reshaping
tensorflow,tensorflow.contrib.slim.flatten,Reshaping
tensorflow,tensorflow.contrib.seq2seq.tile_batch,Reshaping
tensorflow,tensorflow.contrib.layers.flatten,Reshaping
tensorflow,tensorflow.contrib.layers.flatten,Reshaping
tensorflow,tensorflow_addons.seq2seq.tile_batch,Reshaping
keras,keras.layers.ZeroPadding3D,Reshaping
keras,keras.layers.ZeroPadding2D,Reshaping
keras,keras.layers.ZeroPadding1D,Reshaping
keras,keras.layers.UpSampling3D,Reshaping
keras,keras.layers.UpSampling2D,Reshaping
keras,keras.layers.Reshape,Reshaping
keras,keras.layers.RepeatVector,Reshaping
keras,keras.layers.RepeatVector,Reshaping
keras,keras.layers.Permute,Reshaping
keras,keras.layers.Flatten,Reshaping
keras,keras.layers.Cropping3D,Reshaping
keras,keras.layers.Cropping2D,Reshaping
keras,keras.layers.core.Reshape,Reshaping
keras,keras.layers.core.RepeatVector,Reshaping
keras,keras.layers.core.Permute,Reshaping
keras,keras.layers.core.Flatten,Reshaping
keras,keras.layers.convolutional.ZeroPadding3D,Reshaping
keras,keras.layers.convolutional.ZeroPadding2D,Reshaping
keras,keras.layers.convolutional.UpSampling2D,Reshaping
torch,torch.nn.functional.embedding,Sparse
torch,torch.nn.Embedding,Sparse
tensorflow,tensorflow.python.ops.embedding_ops.embedding_lookup,Sparse
tensorflow,tensorflow.python.keras.layers.Embedding,Sparse
tensorflow,tensorflow.nn.embedding_lookup_sparse,Sparse
tensorflow,tensorflow.nn.embedding_lookup,Sparse
tensorflow,tensorflow.keras.layers.Embedding,Sparse
tensorflow,tensorflow.compat.v1.nn.embedding_lookup,Sparse
keras,keras.layers.embeddings.Embedding,Sparse
keras,keras.layers.Embedding,Sparse
torch,torch.nn.RNNCell,Temporal
torch,torch.nn.RNN,Temporal
torch,torch.nn.LSTMCell,Temporal
torch,torch.nn.LSTM,Temporal
torch,torch.nn.GRUCell,Temporal
torch,torch.nn.GRU,Temporal
tensorflow,tensorflow.python.ops.seq2seq.rnn_decoder,Temporal
tensorflow,tensorflow.python.ops.rnn.rnn,Temporal
tensorflow,tensorflow.python.ops.rnn.dynamic_rnn,Temporal
tensorflow,tensorflow.python.ops.rnn.bidirectional_dynamic_rnn,Temporal
tensorflow,tensorflow.python.ops.rnn_cell.MultiRNNCell,Temporal
tensorflow,tensorflow.python.ops.rnn_cell.LSTMStateTuple,Temporal
tensorflow,tensorflow.python.ops.rnn_cell.LSTMCell,Temporal
tensorflow,tensorflow.python.ops.rnn_cell.GRUCell,Temporal
tensorflow,tensorflow.python.ops.rnn_cell.BasicRNNCell,Temporal
tensorflow,tensorflow.python.ops.rnn_cell.BasicLSTMCell,Temporal
tensorflow,tensorflow.python.keras.layers.TimeDistributed,Temporal
tensorflow,tensorflow.python.keras.layers.LSTM,Temporal
tensorflow,tensorflow.python.keras.layers.Bidirectional,Temporal
tensorflow,tensorflow.nn.static_rnn,Temporal
tensorflow,tensorflow.nn.seq2seq.rnn_decoder,Temporal
tensorflow,tensorflow.nn.seq2seq.model_with_buckets,Temporal
tensorflow,tensorflow.nn.seq2seq.embedding_attention_seq2seq,Temporal
tensorflow,tensorflow.nn.rnn_cell.MultiRNNCell,Temporal
tensorflow,tensorflow.nn.rnn_cell.LSTMStateTuple,Temporal
tensorflow,tensorflow.nn.rnn_cell.LSTMCell,Temporal
tensorflow,tensorflow.nn.rnn_cell.GRUCell,Temporal
tensorflow,tensorflow.nn.rnn_cell.BasicRNNCell,Temporal
tensorflow,tensorflow.nn.rnn_cell.BasicLSTMCell,Temporal
tensorflow,tensorflow.nn.rnn,Temporal
tensorflow,tensorflow.nn.dynamic_rnn,Temporal
tensorflow,tensorflow.nn.ctc_beam_search_decoder,Temporal
tensorflow,tensorflow.nn.bidirectional_rnn,Temporal
tensorflow,tensorflow.nn.bidirectional_dynamic_rnn,Temporal
tensorflow,tensorflow.models.rnn.rnn.rnn,Temporal
tensorflow,tensorflow.models.rnn.rnn_cell.MultiRNNCell,Temporal
tensorflow,tensorflow.models.rnn.rnn_cell.BasicLSTMCell,Temporal
tensorflow,tensorflow.keras.layers.TimeDistributed,Temporal
tensorflow,tensorflow.keras.layers.RNN,Temporal
tensorflow,tensorflow.keras.layers.Masking,Temporal
tensorflow,tensorflow.keras.layers.LSTMCell,Temporal
tensorflow,tensorflow.keras.layers.LSTM,Temporal
tensorflow,tensorflow.keras.layers.GRU,Temporal
tensorflow,tensorflow.keras.layers.Bidirectional,Temporal
tensorflow,tensorflow.contrib.seq2seq.LuongAttention,Temporal
tensorflow,tensorflow.contrib.seq2seq.LuongAttention,Temporal
tensorflow,tensorflow.contrib.seq2seq.GreedyEmbeddingHelper,Temporal
tensorflow,tensorflow.contrib.seq2seq.DynamicAttentionWrapper,Temporal
tensorflow,tensorflow.contrib.seq2seq.dynamic_decode,Temporal
tensorflow,tensorflow.contrib.seq2seq.BeamSearchDecoder,Temporal
tensorflow,tensorflow.contrib.seq2seq.BasicDecoder,Temporal
tensorflow,tensorflow.contrib.seq2seq.BahdanauAttention,Temporal
tensorflow,tensorflow.contrib.seq2seq.AttentionWrapper,Temporal
tensorflow,tensorflow.contrib.rnn.static_rnn,Temporal
tensorflow,tensorflow.contrib.rnn.static_bidirectional_rnn,Temporal
tensorflow,tensorflow.contrib.rnn.stack_bidirectional_dynamic_rnn,Temporal
tensorflow,tensorflow.contrib.rnn.ResidualWrapper,Temporal
tensorflow,tensorflow.contrib.rnn.python.ops.core_rnn.static_rnn,Temporal
tensorflow,tensorflow.contrib.rnn.OutputProjectionWrapper,Temporal
tensorflow,tensorflow.contrib.rnn.MultiRNNCell,Temporal
tensorflow,tensorflow.contrib.rnn.LSTMStateTuple,Temporal
tensorflow,tensorflow.contrib.rnn.LSTMCell,Temporal
tensorflow,tensorflow.contrib.rnn.LSTMBlockFusedCell,Temporal
tensorflow,tensorflow.contrib.rnn.LSTMBlockCell,Temporal
tensorflow,tensorflow.contrib.rnn.LayerNormBasicLSTMCell,Temporal
tensorflow,tensorflow.contrib.rnn.GRUCell,Temporal
tensorflow,tensorflow.contrib.rnn.GRUBlockCellV2,Temporal
tensorflow,tensorflow.contrib.rnn.BasicRNNCell,Temporal
tensorflow,tensorflow.contrib.rnn.BasicLSTMCell,Temporal
tensorflow,tensorflow.contrib.rnn.AttentionCellWrapper,Temporal
tensorflow,tensorflow.contrib.legacy_seq2seq.rnn_decoder,Temporal
tensorflow,tensorflow.contrib.legacy_seq2seq.model_with_buckets,Temporal
keras,keras.layers.wrappers.TimeDistributed,Temporal
keras,keras.layers.wrappers.Bidirectional,Temporal
keras,keras.layers.TimeDistributed,Temporal
keras,keras.layers.SimpleRNN,Temporal
keras,keras.layers.recurrent.SimpleRNN,Temporal
keras,keras.layers.recurrent.LSTM,Temporal
keras,keras.layers.recurrent.GRU,Temporal
keras,keras.layers.Masking,Temporal
keras,keras.layers.LSTM,Temporal
keras,keras.layers.GRU,Temporal
keras,keras.layers.CuDNNLSTM,Temporal
keras,keras.layers.CuDNNLSTM,Temporal
keras,keras.layers.CuDNNGRU,Temporal
keras,keras.layers.core.TimeDistributedDense,Temporal
keras,keras.layers.ConvLSTM2D,Temporal
keras,keras.layers.Bidirectional,Temporal
keras,keras.backend.rnn,Temporal
torch,torch.nn.utils.weight_norm,Weight Regularizer
tensorflow,tensorflow.keras.regularizers.l2,Weight Regularizer
tensorflow,tensorflow.contrib.slim.l2_regularizer,Weight Regularizer
tensorflow,tensorflow.contrib.layers.python.layers.regularizers.l2_regularizer,Weight Regularizer
tensorflow,tensorflow.contrib.layers.python.layers.regularizers.l1_regularizer,Weight Regularizer
tensorflow,tensorflow.contrib.layers.l2_regularizer,Weight Regularizer
tensorflow,tensorflow.contrib.layers.l1_regularizer,Weight Regularizer
tensorflow,tensorflow.contrib.layers.apply_regularization,Weight Regularizer
keras,keras.regularizers.l2,Weight Regularizer
keras,keras.regularizers.l1l2,Weight Regularizer
keras,keras.regularizers.L1L2,Weight Regularizer
tensorflow,keras.regularizers.l1_l2,Weight Regularizer
keras,keras.regularizers.l1,Weight Regularizer
keras,keras.layers.regularizers.l2,Weight Regularizer
keras,keras.constraints.MinMaxNorm,Weight Regularizer
keras,keras.constraints.maxnorm,Weight Regularizer
keras,keras.constraints.maxnorm,Weight Regularizer
keras,keras.constraints.max_norm,Weight Regularizer
keras,keras_wrapper.extra.regularize.Regularize,Weight Regularizer
tensorflow,tensorflow.compat.v1.nn.rnn_cell.RNNCell,Temporal
tensorflow,tensorflow.nn.rnn_cell.RNNCell,Temporal
tensorflow,tensorflow.contrib.rnn.RNNCell,Temporal
keras,keras.backend.binary_crossentropy,Training
keras,keras.callbacks.EarlyStopping,Training
keras,keras.callbacks.LearningRateScheduler,Training
keras,keras.callbacks.ReduceLROnPlateau,Training
keras,keras.models.Model.compile,Training
keras,keras.models.Model.fit,Training
keras,keras.models.Sequential.compile,Training
keras,keras.models.Sequential.fit,Training
keras,keras.optimizers.Adadelta,Training
keras,keras.optimizers.Adam,Training
keras,keras.optimizers.Adam,Training
keras,keras.optimizers.RMSprop,Training
keras,keras.optimizers.SGD,Training
keras,keras.utils.multi_gpu_model.compile,Training
tensorflow,tensorflow.contrib.layers.optimize_loss,Training
tensorflow,tensorflow.contrib.seq2seq.sequence_loss,Training
tensorflow,tensorflow.estimator.train_and_evaluate,Training
tensorflow,tensorflow.gradients,Training
tensorflow,tensorflow.keras.callbacks.EarlyStopping,Training
tensorflow,tensorflow.keras.optimizers.Adam,Training
tensorflow,tensorflow.keras.optimizers.SGD,Training
tensorflow,tensorflow.losses.add_loss,Training
tensorflow,tensorflow.losses.mean_squared_error,Training
tensorflow,tensorflow.losses.softmax_cross_entropy,Training
tensorflow,tensorflow.losses.sparse_softmax_cross_entropy,Training
tensorflow,tensorflow.nn.ctc_loss,Training
tensorflow,tensorflow.nn.l2_loss,Training
tensorflow,tensorflow.nn.nce_loss,Training
tensorflow,tensorflow.nn.seq2seq.model_with_buckets,Training
tensorflow,tensorflow.nn.seq2seq.sequence_loss,Training
tensorflow,tensorflow.nn.seq2seq.sequence_loss_by_example,Training
tensorflow,tensorflow.nn.softmax_cross_entropy_with_logits,Training
tensorflow,tensorflow.nn.softmax_cross_entropy_with_logits_v2,Training
tensorflow,tensorflow.nn.sparse_softmax_cross_entropy_with_logits,Training
tensorflow,tensorflow.optimizers.Adam,Training
tensorflow,tensorflow.stop_gradient,Training
tensorflow,tensorflow.train.AdadeltaOptimizer,Training
tensorflow,tensorflow.train.AdagradOptimizer,Training
tensorflow,tensorflow.train.AdagradOptimizer.minimize,Training
tensorflow,tensorflow.train.AdamOptimizer,Training
tensorflow,tensorflow.train.AdamOptimizer.minimize,Training
tensorflow,tensorflow.train.exponential_decay,Training
tensorflow,tensorflow.train.ExponentialMovingAverage,Training
tensorflow,tensorflow.train.GradientDescentOptimizer,Training
tensorflow,tensorflow.train.GradientDescentOptimizer.minimize,Training
tensorflow,tensorflow.train.MomentumOptimizer,Training
tensorflow,tensorflow.train.MomentumOptimizer.minimize,Training
tensorflow,tensorflow.train.piecewise_constant,Training
tensorflow,tensorflow.train.polynomial_decay,Training
tensorflow,tensorflow.train.RMSPropOptimizer,Training
tensorflow,tensorflow.train.RMSPropOptimizer.minimize,Training
tensorflow,tensorflow.train.shuffle_batch,Training
torch,torch.nn.BCELoss,Training
torch,torch.nn.BCEWithLogitsLoss,Training
torch,torch.nn.CrossEntropyLoss,Training
torch,torch.nn.DataParallel.zero_grad,Training
torch,torch.nn.functional.binary_cross_entropy,Training
torch,torch.nn.functional.binary_cross_entropy_with_logits,Training
torch,torch.nn.functional.cross_entropy,Training
torch,torch.nn.functional.kl_div,Training
torch,torch.nn.functional.l1_loss,Training
torch,torch.nn.functional.mse_loss,Training
torch,torch.nn.functional.nll_loss,Training
torch,torch.nn.functional.smooth_l1_loss,Training
torch,torch.nn.L1Loss,Training
torch,torch.nn.MSELoss,Training
torch,torch.nn.NLLLoss,Training
torch,torch.nn.parallel.DistributedDataParallel.zero_grad,Training
torch,torch.optim.Adadelta,Training
torch,torch.optim.Adagrad,Training
torch,torch.optim.Adagrad.zero_grad,Training
torch,torch.optim.Adam,Training
torch,torch.optim.Adam.zero_grad,Training
torch,torch.optim.AdamW.zero_grad,Training
torch,torch.optim.LBFGS.zero_grad,Training
torch,torch.optim.lr_scheduler.CosineAnnealingLR,Training
torch,torch.optim.lr_scheduler.ExponentialLR,Training
torch,torch.optim.lr_scheduler.LambdaLR,Training
torch,torch.optim.lr_scheduler.MultiStepLR,Training
torch,torch.optim.lr_scheduler.ReduceLROnPlateau,Training
torch,torch.optim.lr_scheduler.StepLR,Training
torch,torch.optim.RMSprop,Training
torch,torch.optim.RMSprop.zero_grad,Training
torch,torch.optim.SGD,Training
torch,torch.optim.SGD.zero_grad,Training
keras,keras.backend.binary_crossentropy,Training
tensorflow,tensorflow.contrib.seq2seq.sequence_loss,Training
tensorflow,tensorflow.losses.mean_squared_error,Training
tensorflow,tensorflow.losses.softmax_cross_entropy,Training
tensorflow,tensorflow.losses.sparse_softmax_cross_entropy,Training
tensorflow,tensorflow.nn.ctc_loss,Training
tensorflow,tensorflow.nn.l2_loss,Training
tensorflow,tensorflow.nn.nce_loss,Training
tensorflow,tensorflow.nn.seq2seq.sequence_loss,Training
tensorflow,tensorflow.nn.seq2seq.sequence_loss_by_example,Training
tensorflow,tensorflow.nn.sigmoid_cross_entropy_with_logits,Training
tensorflow,tensorflow.nn.softmax_cross_entropy_with_logits_v2,Training
tensorflow,tensorflow.nn.sparse_softmax_cross_entropy_with_logits,Training
torch,torch.nn.BCELoss,Training
torch,torch.nn.BCEWithLogitsLoss,Training
torch,torch.nn.CrossEntropyLoss,Training
torch,torch.nn.functional.binary_cross_entropy,Training
torch,torch.nn.functional.binary_cross_entropy_with_logits,Training
torch,torch.nn.functional.cross_entropy,Training
torch,torch.nn.functional.kl_div,Training
torch,torch.nn.functional.l1_loss,Training
torch,torch.nn.functional.mse_loss,Training
torch,torch.nn.functional.nll_loss,Training
torch,torch.nn.functional.smooth_l1_loss,Training
torch,torch.nn.L1Loss,Training
torch,torch.nn.MSELoss,Training
torch,torch.nn.NLLLoss,Training
,keras.backend.binary_crossentropy,Training
,keras.backend.categorical_crossentropy,Training
,keras.backend.sparse_categorical_crossentropy,Training
,keras.losses.binary_crossentropy,Training
,keras.losses.categorical_crossentropy,Training
,keras.metrics.binary_crossentropy,Training
,tensorflow.compat.v1.losses.mean_squared_error,Training
,tensorflow.compat.v1.losses.softmax_cross_entropy,Training
,tensorflow.compat.v1.losses.sparse_softmax_cross_entropy,Training
,tensorflow.compat.v1.nn.l2_loss,Training
,tensorflow.contrib.slim.losses.softmax_cross_entropy,Training
,tensorflow.keras.backend.binary_crossentropy,Training
,tensorflow.keras.losses.BinaryCrossentropy,Training
,tensorflow.keras.losses.CategoricalCrossentropy,Training
,tensorflow.keras.losses.MeanSquaredError,Training
,tensorflow.keras.losses.SparseCategoricalCrossentropy,Training
,tensorflow.keras.losses.binary_crossentropy,Training
,tensorflow.keras.losses.categorical_crossentropy,Training
,tensorflow.keras.losses.sparse_categorical_crossentropy,Training
,tensorflow.keras.metrics.MeanSquaredError,Training
,tensorflow.losses.absolute_difference,Training
,tensorflow.losses.huber_loss,Training
,tensorflow.losses.log_loss,Training
,tensorflow.losses.mean_squared_error,Training
,tensorflow.losses.sigmoid_cross_entropy,Training
,tensorflow.losses.softmax_cross_entropy,Training
,tensorflow.losses.sparse_softmax_cross_entropy,Training
,tensorflow.metrics.mean_absolute_error,Training
,tensorflow.metrics.mean_squared_error,Training
,tensorflow.nn.ctc_loss,Training
,tensorflow.nn.l2_loss,Training
,tensorflow.nn.sampled_softmax_loss,Training
,tensorflow.python.ops.losses.losses.sigmoid_cross_entropy,Training
,tensorflow.python.ops.losses.losses.softmax_cross_entropy,Training
,torch.nn.BCELoss,Training
,torch.nn.BCEWithLogitsLoss,Training
,torch.nn.CTCLoss,Training
,torch.nn.CosineEmbeddingLoss,Training
,torch.nn.CrossEntropyLoss,Training
,torch.nn.L1Loss.cuda,Training
,torch.nn.L1Loss,Training
,torch.nn.MSELoss.cuda,Training
,torch.nn.MSELoss,Training
,torch.nn.NLLLoss2d,Training
,torch.nn.SmoothL1Loss,Training
,torch.nn.functional.binary_cross_entropy,Training
,torch.nn.functional.cross_entropy,Training
,torch.nn.functional.l1_loss,Training
,torch.nn.functional.mse_loss,Training
,torch.nn.functional.smooth_l1_loss,Training
keras,keras.optimizers.Adadelta,Training
keras,keras.optimizers.Adam,Training
keras,keras.optimizers.RMSprop,Training
keras,keras.optimizers.SGD,Training
tensorflow,tensorflow.gradients,Training
tensorflow,tensorflow.keras.optimizers.Adam,Training
tensorflow,tensorflow.keras.optimizers.Adam,Training
tensorflow,tensorflow.keras.optimizers.SGD,Training
tensorflow,tensorflow.optimizers.Adam,Training
tensorflow,tensorflow.stop_gradient,Training
tensorflow,tensorflow.train.AdadeltaOptimizer,Training
tensorflow,tensorflow.train.AdagradOptimizer,Training
tensorflow,tensorflow.train.AdagradOptimizer.minimize,Training
tensorflow,tensorflow.train.AdamOptimizer,Training
tensorflow,tensorflow.train.AdamOptimizer.minimize,Training
tensorflow,tensorflow.train.GradientDescentOptimizer,Training
tensorflow,tensorflow.train.GradientDescentOptimizer.minimize,Training
tensorflow,tensorflow.train.MomentumOptimizer,Training
tensorflow,tensorflow.train.MomentumOptimizer.minimize,Training
tensorflow,tensorflow.train.RMSPropOptimizer,Training
tensorflow,tensorflow.train.RMSPropOptimizer.minimize,Training
torch,torch.optim.Adadelta,Training
torch,torch.optim.Adagrad,Training
torch,torch.optim.Adam,Training
torch,torch.optim.RMSprop,Training
torch,torch.optim.SGD,Training
,keras.optimizers.Adadelta,Training
,keras.optimizers.Adagrad,Training
,keras.optimizers.Adam,Training
,keras.optimizers.Adamax,Training
,keras.optimizers.Nadam,Training
,keras.optimizers.RMSprop,Training
,keras.optimizers.SGD,Training
,keras.optimizers.adam,Training
,keras.optimizers.rmsprop,Training
,tensorflow.compat.v1.train.AdamOptimizer.minimize,Training
,tensorflow.compat.v1.train.AdamOptimizer,Training
,tensorflow.compat.v1.train.GradientDescentOptimizer,Training
,tensorflow.compat.v1.train.MomentumOptimizer,Training
,tensorflow.compat.v1.train.RMSPropOptimizer,Training
,tensorflow.compat.v2.keras.optimizers.Adam,Training
,tensorflow.keras.optimizers.Adadelta,Training
,tensorflow.keras.optimizers.Adam,Training
,tensorflow.keras.optimizers.RMSprop,Training
,tensorflow.keras.optimizers.SGD,Training
,torch.optim.ASGD,Training
,torch.optim.Adadelta,Training
,torch.optim.Adagrad,Training
,torch.optim.AdamW,Training
,torch.optim.Adam,Training
,torch.optim.Adamax,Training
,torch.optim.LBFGS,Training
,torch.optim.RMSprop,Training
,torch.optim.SGD,Training
keras,keras.callbacks.EarlyStopping,Training
keras,keras.callbacks.LearningRateScheduler,Training
keras,keras.callbacks.ReduceLROnPlateau,Training
tensorflow,tensorflow.keras.callbacks.EarlyStopping,Training
tensorflow,tensorflow.train.exponential_decay,Training
tensorflow,tensorflow.train.ExponentialMovingAverage,Training
tensorflow,tensorflow.train.polynomial_decay,Training
torch,torch.optim.lr_scheduler.CosineAnnealingLR,Training
torch,torch.optim.lr_scheduler.ExponentialLR,Training
torch,torch.optim.lr_scheduler.LambdaLR,Training
torch,torch.optim.lr_scheduler.MultiStepLR,Training
torch,torch.optim.lr_scheduler.ReduceLROnPlateau,Training
torch,torch.optim.lr_scheduler.StepLR,Training
,keras.callbacks.EarlyStopping,Training
,keras.callbacks.LambdaCallback,Training
,keras.callbacks.LearningRateScheduler,Training
,keras.callbacks.ReduceLROnPlateau,Training
,tensorflow.compat.v1.train.ExponentialMovingAverage,Training
,tensorflow.compat.v1.train.exponential_decay,Training
,tensorflow.compat.v1.train.polynomial_decay,Training
,tensorflow.keras.callbacks.EarlyStopping,Training
,tensorflow.keras.callbacks.LearningRateScheduler,Training
,tensorflow.keras.callbacks.ReduceLROnPlateau,Training
,tensorflow.keras.optimizers.schedules.PolynomialDecay,Training
,torch.optim.lr_scheduler.CosineAnnealingLR,Training
,torch.optim.lr_scheduler.ExponentialLR,Training
,torch.optim.lr_scheduler.LambdaLR,Training
,torch.optim.lr_scheduler.MultiStepLR,Training
,torch.optim.lr_scheduler.ReduceLROnPlateau,Training
,torch.optim.lr_scheduler.StepLR,Training
Keras,keras.models.Model.predict,Prediction and Evaluation
Keras,keras.models.Sequential.evaluate,Prediction and Evaluation
Keras,keras.models.load_model.evaluate,Prediction and Evaluation
Keras,keras.models.Model.predict_generator,Prediction and Evaluation
Keras,keras.models.load_model.evaluate_generator,Prediction and Evaluation
Keras,keras.models.load_model.predict,Prediction and Evaluation
Keras,keras.models.Sequential.predict,Prediction and Evaluation
TensorFlow,tensorflow.nn.top_k,Prediction and Evaluation
TensorFlow,tensorflow.estimator.Estimator.evaluate,Prediction and Evaluation
TensorFlow,tensorflow.estimator.EvalSpec,Prediction and Evaluation
TensorFlow,tensorflow.metrics.mean,Prediction and Evaluation
TensorFlow,tensorflow.metrics.accuracy,Prediction and Evaluation
TensorFlow,tensorflow.nn.in_top_k,Prediction and Evaluation
TensorFlow,tensorflow.estimator.Estimator.predict,Prediction and Evaluation
TensorFlow,tensorflow.estimator.train_and_evaluate,Prediction and Evaluation
TensorFlow,tensorflow.keras.metrics.Mean.result,Prediction and Evaluation
TensorFlow,tensorflow.keras.metrics.Mean,Prediction and Evaluation
Torch,torch.nn.functional.cosine_similarity,Prediction and Evaluation
,keras.applications.imagenet_utils.decode_predictions,Prediction and Evaluation
,tensorflow.compat.v1.metrics.accuracy,Prediction and Evaluation
,tensorflow.compat.v1.metrics.mean,Prediction and Evaluation
,tensorflow.compat.v2.keras.metrics.Mean,Prediction and Evaluation
,tensorflow.contrib.metrics.accuracy,Prediction and Evaluation
,tensorflow.contrib.metrics.python.ops.metric_ops.streaming_mean,Prediction and Evaluation
,tensorflow.contrib.metrics.streaming_accuracy,Prediction and Evaluation
,tensorflow.contrib.metrics.streaming_mean,Prediction and Evaluation
,tensorflow.contrib.metrics.streaming_mean_squared_error,Prediction and Evaluation
,tensorflow.contrib.timeseries.predict_continuation_input_fn,Prediction and Evaluation
,tensorflow.contrib.training.evaluate_repeatedly,Prediction and Evaluation
,tensorflow.estimator.train_and_evaluate,Prediction and Evaluation
,tensorflow.keras.metrics.Mean,Prediction and Evaluation
,tensorflow.metrics.accuracy,Prediction and Evaluation
,tensorflow.metrics.mean,Prediction and Evaluation
,tensorflow.metrics.recall_at_k,Prediction and Evaluation
,tensorflow.python.ops.metrics.accuracy,Prediction and Evaluation
,tensorflow.python.ops.metrics.auc,Prediction and Evaluation
,tensorflow.python.ops.metrics.mean,Prediction and Evaluation
,tensorflow.python.ops.metrics_impl._streaming_confusion_matrix,Prediction and Evaluation
,tensorflow.python.ops.metrics.precision_at_thresholds,Prediction and Evaluation
,tensorflow.python.ops.metrics.recall_at_thresholds,Prediction and Evaluation
,tensorflow.metrics.root_mean_squared_error,Prediction and Evaluation
,tensorflow.metrics.mean_iou,Prediction and Evaluation
,tensorflow.keras.metrics.SparseCategoricalAccuracy,Prediction and Evaluation
,tensorflow.keras.metrics.Mean,Prediction and Evaluation
,tensorflow.keras.metrics.AUC,Prediction and Evaluation
,tensorflow.contrib.training.python.training.evaluation.evaluate_once,Prediction and Evaluation
,tensorflow.contrib.slim.metrics.aggregate_metric_map,Prediction and Evaluation
,tensorflow.contrib.slim.metrics.streaming_mean,Prediction and Evaluation
,tensorflow.contrib.metrics.streaming_accuracy,Prediction and Evaluation
,tensorflow.contrib.metrics.aggregate_metric_map,Prediction and Evaluation
,tensorflow.contrib.metrics.python.ops.metric_ops.streaming_accuracy,Prediction and Evaluation
,tensorflow.contrib.metrics.python.ops.metric_ops.streaming_mean,Prediction and Evaluation
,tensorflow.compat.v1.metrics.mean,Prediction and Evaluation
,tensorflow.compat.v2.keras.metrics.Mean,Prediction and Evaluation
,tensorflow.contrib.metrics.accuracy,Prediction and Evaluation
,keras.metrics.binary_crossentropy,Prediction and Evaluation
,keras_fsl.metrics.gram_matrix_metrics.classification_accuracy,Prediction and Evaluation
,keras.metrics.binary_accuracy,Prediction and Evaluation